id,name,model_id:id,group_id:id,perm_read,perm_write,perm_create,perm_unlink
access_ss_erp_petty_cash_note,access_ss_erp_petty_cash_note,ss_erp_accounting.model_ss_erp_petty_cash_note,base.group_user,1,1,1,1
access_ss_erp_subaccount_user,access_ss_erp_subaccount_user,ss_erp_accounting.model_ss_erp_account_subaccount,account.group_account_user,1,0,0,0
access_ss_erp_subaccount_mgr,access_ss_erp_subaccount_mgr,ss_erp_accounting.model_ss_erp_account_subaccount,account.group_account_manager,1,1,1,1
access_ss_erp_bank_commission_user,access_ss_erp_bank_commission_user,ss_erp_accounting.model_ss_erp_bank_commission,account.group_account_user,1,0,0,0
access_ss_erp_bank_commission_mgr,access_ss_erp_bank_commission_mgr,ss_erp_accounting.model_ss_erp_bank_commission,account.group_account_manager,1,1,1,1
access_ss_erp_accounts_receivable_hist_user,access_ss_erp_accounts_receivable_hist_user,ss_erp_accounting.model_ss_erp_accounts_receivable_hist,account.group_account_user,1,1,1,0
access_ss_erp_accounts_receivable_hist_mgr,access_ss_erp_accounts_receivable_hist_mgr,ss_erp_accounting.model_ss_erp_accounts_receivable_hist,account.group_account_manager,1,1,1,1
access_payment_term_change_wizard,access_payment_term_change_wizard,ss_erp_accounting.model_payment_term_change_wizard,account.group_account_manager,1,1,1,1
access_ss_erp_post_difference_account,access_ss_erp_post_difference_account,ss_erp_accounting.model_ss_erp_post_difference_account,base.group_user,1,1,1,1
